Feature,Importance
affected_party,0.3063829787234043
age_min_encoded,0.08936170212765956
vehicle_type_score,0.08510638297872339
day_of_week_num,0.021276595744680837
rain_last_3h,0.008510638297872353
primary_accident_type_code,0.004255319148936176
rush_hour,0.004255319148936176
time_period,0.0
rain_today,0.0
roadworks_nearby,0.0
