Feature,Importance
affected_party,1.3627376613828304
rain_today,0.6092990179594637
primary_accident_type_code,0.41176043977946364
vehicle_type_score,0.27829249356912084
age_min_encoded,0.232015637335356
